{"cameraMode":{"drawMode":0,"name":"Shaded","section":"Shading Mode"},"sceneLighting":false,"audioPlay":false,"sceneViewState":{"m_AlwaysRefresh":false,"showFog":true,"showSkybox":false,"showFlares":true,"showImageEffects":true,"showParticleSystems":true,"showVisualEffectGraphs":true,"m_FxEnabled":false},"in2DMode":false,"pivot":{"x":-1.4665441513061524,"y":-0.5437890887260437,"z":0.05141890048980713},"rotation":{"x":0.058465126901865008,"y":-0.00748709449544549,"z":0.0004384882340673357,"w":0.998261034488678},"size":1.6787769794464112,"orthographic":true}