{"cameraMode":{"drawMode":0,"name":"Shaded","section":"Shading Mode"},"sceneLighting":false,"audioPlay":false,"sceneViewState":{"m_AlwaysRefresh":false,"showFog":true,"showSkybox":false,"showFlares":true,"showImageEffects":true,"showParticleSystems":true,"showVisualEffectGraphs":true,"m_FxEnabled":true},"in2DMode":false,"pivot":{"x":0.2447415590286255,"y":-0.7461035251617432,"z":2.706371545791626},"rotation":{"x":-0.008995679207146168,"y":-0.0314936488866806,"z":-0.00028336799005046487,"w":0.999466061592102},"size":4.151408672332764,"orthographic":false}